Date,Open,High,Low,Close,Adj Close,Volume
2022-01-03,335.350006,338,329.779999,334.75,328.727631,28865100
2022-01-04,334.829987,335.200012,326.119995,329.01001,323.090942,32674300
2022-01-05,325.859985,326.070007,315.980011,316.380005,310.688171,40054300
2022-01-06,313.149994,318.700012,311.48999,313.880005,308.233154,39646100
2022-01-07,314.149994,316.5,310.089996,314.040009,308.390228,32720000
2022-01-10,309.48999,314.720001,304.690002,314.269989,308.616058,44289500
2022-01-11,313.380005,316.609985,309.890015,314.980011,309.313324,29386800
2022-01-12,319.670013,323.410004,317.079987,318.269989,312.544159,34372200
2022-01-13,320.470001,320.880005,304,304.799988,299.316467,45366000
2022-01-14,304.25,310.820007,303.75,310.200012,304.619354,39846400
2022-01-18,304.070007,309.799988,301.73999,302.649994,297.205139,42333200
2022-01-19,306.290009,313.910004,302.700012,303.329987,297.872955,45933900
2022-01-20,309.070007,311.649994,301.140015,301.600006,296.174011,35380700
2022-01-21,302.690002,304.109985,295.609985,296.029999,290.704254,57984400
2022-01-24,292.200012,297.109985,276.049988,296.369995,291.038116,85731500
2022-01-25,291.519989,294.98999,285.170013,288.48999,283.299896,72848600
2022-01-26,307.98999,308.5,293.029999,296.709991,291.372009,90428900
2022-01-27,302.660004,307.299988,297.929993,299.839996,294.445709,53481300
2022-01-28,300.230011,308.480011,294.450012,308.26001,302.714233,49743700
2022-01-31,308.950012,312.380005,306.369995,310.980011,305.385284,46444500
2022-02-01,310.410004,310.630005,305.130005,308.76001,303.205261,40950400
2022-02-02,309.630005,315.119995,308.880005,313.459991,307.820648,36636000
2022-02-03,309.48999,311.230011,299.959991,301.25,295.830322,43730000
2022-02-04,300.209991,308.799988,299.970001,305.940002,300.435944,35096500
2022-02-07,306.170013,307.839996,299.899994,300.950012,295.535736,28533300
2022-02-08,301.25,305.559998,299.950012,304.559998,299.08078,32421200
2022-02-09,309.869995,311.929993,307.390015,311.209991,305.611145,31284700
2022-02-10,304.040009,309.119995,300.700012,302.380005,296.940002,45386200
2022-02-11,303.190002,304.290009,294.220001,295.040009,289.732086,39175600
2022-02-14,293.769989,296.76001,291.350006,295,289.69281,36359500
2022-02-15,300.01001,300.799988,297.019989,300.470001,295.064392,27058300
2022-02-16,298.369995,300.869995,293.679993,299.5,294.71994,29982100
2022-02-17,296.359985,296.799988,290,290.730011,286.089935,32461600
2022-02-18,293.049988,293.859985,286.309998,287.929993,283.334595,34264000
2022-02-22,285,291.540009,284.5,287.720001,283.127991,41736100
2022-02-23,290.179993,291.700012,280.100006,280.269989,275.796875,37811200
2022-02-24,272.51001,295.160004,271.519989,294.589996,289.888306,56989700
2022-02-25,295.140015,297.630005,291.649994,297.309998,292.564911,32546700
2022-02-28,294.309998,299.140015,293,298.790009,294.021301,34627500
2022-03-01,296.399994,299.970001,292.149994,294.950012,290.242615,31217800
2022-03-02,295.359985,301.470001,293.700012,300.190002,295.398987,31873000
2022-03-03,302.890015,303.130005,294.049988,295.920013,291.197144,27314500
2022-03-04,294.290009,295.660004,287.170013,289.859985,285.233795,32356500
2022-03-07,288.529999,289.690002,278.529999,278.910004,274.458588,43157200
2022-03-08,277.799988,283.959991,270,275.850006,271.447388,48159500
2022-03-09,283.440002,289.600006,280.779999,288.5,283.895508,35204500
2022-03-10,283.019989,286.600006,280.579987,285.589996,281.031952,30628000
2022-03-11,287.959991,289.51001,279.429993,280.070007,275.600067,27209300
2022-03-14,280.339996,285.399994,275.820007,276.440002,272.027954,30660700
2022-03-15,280.350006,287.820007,278.730011,287.149994,282.567047,34245100
2022-03-16,289.109985,294.570007,283.200012,294.390015,289.691559,37826300
2022-03-17,293.290009,295.609985,289.369995,295.220001,290.508301,30816600
2022-03-18,295.369995,301,292.730011,300.429993,295.635101,43390600
2022-03-21,298.890015,300.140015,294.899994,299.160004,294.385376,28351200
2022-03-22,299.799988,305,298.769989,304.059998,299.207214,27599700
2022-03-23,300.51001,303.230011,297.720001,299.48999,294.710114,25715400
2022-03-24,299.140015,304.200012,298.320007,304.100006,299.246552,24484500
2022-03-25,305.230011,305.5,299.290009,303.679993,298.833252,22566500
2022-03-28,304.329987,310.799988,304.329987,310.700012,305.74118,29578200
2022-03-29,313.910004,315.820007,309.049988,315.410004,310.376038,30393400
2022-03-30,313.76001,315.950012,311.579987,313.859985,308.8508,28163600
2022-03-31,313.899994,315.140015,307.890015,308.309998,303.389343,33422100
2022-04-01,309.369995,310.130005,305.540009,309.420013,304.481628,27110500
2022-04-04,310.089996,315.109985,309.709991,314.970001,309.943054,24289600
2022-04-05,313.269989,314.869995,309.869995,310.880005,305.918396,23156700
2022-04-06,305.190002,307,296.709991,299.5,294.71994,40110400
2022-04-07,296.660004,303.649994,296.350006,301.369995,296.560089,31411200
2022-04-08,300.440002,301.119995,296.279999,296.970001,292.230347,24361900
2022-04-11,291.790009,292.609985,285,285.26001,280.707245,34569300
2022-04-12,289.23999,290.73999,280.48999,282.059998,277.558319,30966700
2022-04-13,282.730011,288.579987,281.299988,287.619995,283.029572,21907200
2022-04-14,288.089996,288.309998,279.320007,279.829987,275.363922,28221600
2022-04-18,278.910004,282.459991,278.339996,280.519989,276.042877,20778000
2022-04-19,279.380005,286.170013,278.410004,285.299988,280.746582,22297700
2022-04-20,289.399994,289.700012,285.369995,286.359985,281.789673,22906700
2022-04-21,288.579987,293.299988,280.059998,280.809998,276.328278,29454600
2022-04-22,281.679993,283.200012,273.380005,274.029999,269.656464,29405800
2022-04-25,273.290009,281.109985,270.769989,280.720001,276.239716,35678900
2022-04-26,277.5,278.359985,270,270.220001,265.907257,46518400
2022-04-27,282.100006,290.970001,279.160004,283.220001,278.699829,63477700
2022-04-28,285.190002,290.980011,281.459991,289.630005,285.007477,33646600
2022-04-29,288.609985,289.880005,276.5,277.519989,273.09082,37073900
2022-05-02,277.709991,284.940002,276.220001,284.470001,279.929871,35151100
2022-05-03,283.959991,284.130005,280.149994,281.779999,277.282776,25978600
2022-05-04,282.589996,290.880005,276.730011,289.980011,285.351898,33599300
2022-05-05,285.540009,286.350006,274.339996,277.350006,272.923492,43260400
2022-05-06,274.809998,279.25,271.269989,274.730011,270.345306,37780300
2022-05-09,270.059998,272.359985,263.320007,264.579987,260.357239,47726000
2022-05-10,271.690002,273.75,265.070007,269.5,265.198761,39336400
2022-05-11,265.679993,271.359985,259.299988,260.549988,256.391571,48975900
2022-05-12,257.690002,259.880005,250.020004,255.350006,251.274612,51033800
2022-05-13,257.350006,263.040009,255.350006,261.119995,256.952484,34925100
2022-05-16,259.959991,265.820007,255.779999,261.5,257.326447,32550900
2022-05-17,266.109985,268.329987,262.459991,266.820007,262.561523,28828800
2022-05-18,263,263.600006,252.770004,254.080002,250.607208,31356000
2022-05-19,253.899994,257.670013,251.880005,253.139999,249.680054,32692300
2022-05-20,257.23999,258.540009,246.440002,252.559998,249.107971,39199300
2022-05-23,255.490005,261.5,253.429993,260.649994,257.087372,33175400
2022-05-24,257.890015,261.329987,253.5,259.619995,256.071472,29043900
2022-05-25,258.140015,264.579987,257.130005,262.519989,258.931824,28547900
2022-05-26,262.269989,267.109985,261.429993,265.899994,262.265656,25002100
2022-05-27,268.480011,273.339996,267.559998,273.23999,269.505341,26910800
2022-05-31,272.529999,274.769989,268.929993,271.869995,268.154053,37827700
2022-06-01,275.200012,277.690002,270.040009,272.420013,268.696564,25292200
2022-06-02,264.450012,274.649994,261.600006,274.579987,270.826996,44008200
2022-06-03,270.309998,273.450012,268.410004,270.019989,266.329346,28059000
2022-06-06,272.059998,274.179993,267.220001,268.75,265.076721,22400300
2022-06-07,266.640015,273.130005,265.940002,272.5,268.775452,22860700
2022-06-08,271.709991,273,269.609985,270.410004,266.71405,17372300
2022-06-09,267.779999,272.709991,264.630005,264.790009,261.170837,26439700
2022-06-10,260.579987,260.579987,252.529999,252.990005,249.53212,31422800
2022-06-13,245.110001,249.020004,241.529999,242.259995,238.948761,46135800
2022-06-14,243.860001,245.740005,241.509995,244.490005,241.1483,28651500
2022-06-15,248.309998,255.300003,246.419998,251.759995,248.318909,33111700
2022-06-16,245.979996,247.419998,243.020004,244.970001,241.621719,33169200
2022-06-17,244.699997,250.5,244.029999,247.649994,244.265076,43084800
2022-06-21,250.259995,254.75,249.509995,253.740005,250.271866,29928300
2022-06-22,251.889999,257.170013,250.369995,253.130005,249.670197,25939900
2022-06-23,255.570007,259.369995,253.630005,258.859985,255.321854,25861400
2022-06-24,261.809998,267.980011,261.720001,267.700012,264.041046,33923200
2022-06-27,268.209991,268.299988,263.279999,264.890015,261.269501,24615100
2022-06-28,263.980011,266.910004,256.320007,256.480011,252.974396,27295500
2022-06-29,257.589996,261.970001,255.759995,260.26001,256.702759,20069800
2022-06-30,257.049988,259.529999,252.899994,256.829987,253.319626,31730900
2022-07-01,256.390015,259.769989,254.610001,259.579987,256.032043,22837700
2022-07-05,256.160004,262.980011,254.740005,262.850006,259.257385,22941000
2022-07-06,263.75,267.98999,262.399994,266.209991,262.571411,23824400
2022-07-07,265.119995,269.059998,265.019989,268.399994,264.731476,20859900
2022-07-08,264.790009,268.100006,263.290009,267.660004,264.001587,19658800
2022-07-11,265.649994,266.529999,262.179993,264.51001,260.894653,19455200
2022-07-12,265.880005,265.940002,252.039993,253.669998,250.20282,35868500
2022-07-13,250.190002,253.550003,248.110001,252.720001,249.265808,29497400
2022-07-14,250.570007,255.139999,245.940002,254.080002,250.607208,25102800
2022-07-15,255.720001,260.369995,254.770004,256.720001,253.211136,29774100
2022-07-18,259.75,260.839996,253.300003,254.25,250.774902,20975000
2022-07-19,257.579987,259.720001,253.679993,259.529999,255.982697,25012600
2022-07-20,259.899994,264.869995,258.910004,262.269989,258.685272,22788300
2022-07-21,259.790009,264.890015,257.029999,264.839996,261.220154,22404700
2022-07-22,265.23999,265.329987,259.070007,260.359985,256.801361,21881300
2022-07-25,261,261.5,256.809998,258.829987,255.292252,21056000
2022-07-26,259.859985,259.880005,249.570007,251.899994,248.457001,39348000
2022-07-27,261.160004,270.049988,258.850006,268.73999,265.066803,45994000
2022-07-28,269.75,277.839996,267.869995,276.410004,272.631989,33459300
2022-07-29,277.700012,282,276.630005,280.73999,276.902832,32152800
2022-08-01,277.820007,281.279999,275.839996,278.01001,274.210175,21539600
2022-08-02,276,277.890015,272.380005,274.820007,271.063751,22754200
2022-08-03,276.76001,283.5,276.609985,282.470001,278.609161,23518900
2022-08-04,281.799988,283.799988,280.170013,283.649994,279.77301,18098700
2022-08-05,279.149994,283.649994,278.679993,282.910004,279.043121,16774600
2022-08-08,284.049988,285.920013,279.320007,280.320007,276.488556,18739200
2022-08-09,279.640015,283.079987,277.609985,282.299988,278.441467,23405200
2022-08-10,288.170013,289.809998,286.940002,289.160004,285.207764,24687800
2022-08-11,290.850006,291.209991,286.51001,287.019989,283.096985,20065900
2022-08-12,288.480011,291.910004,286.940002,291.910004,287.920135,22619700
2022-08-15,291,294.179993,290.109985,293.470001,289.458832,18085700
2022-08-16,291.98999,294.040009,290.420013,292.709991,288.709229,18102900
2022-08-17,289.73999,293.350006,289.470001,291.320007,287.94809,18253400
2022-08-18,290.190002,291.910004,289.079987,290.170013,286.811432,17186200
2022-08-19,288.899994,289.25,285.559998,286.149994,282.837952,20570000
2022-08-22,282.079987,282.459991,277.220001,277.75,274.535156,25061100
2022-08-23,276.440002,278.859985,275.399994,276.440002,273.240356,17527400
2022-08-24,275.410004,277.230011,275.109985,275.790009,272.59787,18137000
2022-08-25,277.329987,279.019989,274.519989,278.850006,275.622437,16583400
2022-08-26,279.079987,280.339996,267.980011,268.089996,264.986969,27549300
2022-08-29,265.850006,267.399994,263.850006,265.230011,262.160126,20338500
2022-08-30,266.670013,267.049988,260.660004,262.970001,259.92627,22767100
2022-08-31,265.390015,267.109985,261.329987,261.470001,258.443634,24791800
2022-09-01,258.869995,260.890015,255.410004,260.399994,257.385956,23263400
2022-09-02,261.700012,264.73999,254.470001,256.059998,253.096222,22855400
2022-09-06,256.200012,257.829987,251.940002,253.25,250.318741,21328200
2022-09-07,254.699997,258.829987,253.220001,258.089996,255.102722,24126700
2022-09-08,257.51001,260.429993,254.789993,258.519989,255.52774,20319900
2022-09-09,260.5,265.230011,260.290009,264.459991,261.398987,22084700
2022-09-12,265.779999,267.450012,265.160004,266.649994,263.56366,18747700
2022-09-13,258.839996,260.399994,251.589996,251.990005,249.073334,33353300
2022-09-14,253.529999,254.229996,249.860001,252.220001,249.30069,23913000
2022-09-15,249.770004,251.399994,244.020004,245.380005,242.539841,31530900
2022-09-16,244.259995,245.300003,242.059998,244.740005,241.907257,39791800
2022-09-19,242.470001,245.139999,240.850006,244.520004,241.689804,26826900
2022-09-20,242.070007,243.509995,239.639999,242.449997,239.643753,26660300
2022-09-21,244.270004,247.660004,238.899994,238.949997,236.184265,28625600
2022-09-22,237.869995,243.860001,237.570007,240.979996,238.190765,31061200
2022-09-23,239.539993,241.130005,235.199997,237.919998,235.166199,34176000
2022-09-26,237.050003,241.449997,236.899994,237.449997,234.70163,27694200
2022-09-27,239.979996,241.800003,234.5,236.410004,233.673676,27018700
2022-09-28,236.809998,242.330002,234.729996,241.070007,238.279755,29029700
2022-09-29,238.889999,239.949997,234.410004,237.5,234.751053,27484200
2022-09-30,238.289993,240.539993,232.729996,232.899994,230.204285,35694800
2022-10-03,235.410004,241.610001,234.660004,240.740005,237.953552,28880400
2022-10-04,245.089996,250.360001,244.979996,248.880005,245.999344,34888400
2022-10-05,245.990005,250.580002,244.100006,249.199997,246.315628,20347100
2022-10-06,247.929993,250.339996,246.080002,246.789993,243.933533,20239900
2022-10-07,240.899994,241.320007,233.169998,234.240005,231.528793,37769600
2022-10-10,233.050003,234.559998,226.729996,229.25,226.596542,29743600
2022-10-11,227.619995,229.059998,224.110001,225.410004,222.80098,30474000
2022-10-12,225.399994,227.860001,223.960007,225.75,223.137054,21903900
2022-10-13,219.850006,236.100006,219.130005,234.240005,231.528793,42551800
2022-10-14,235.539993,237.240005,228.339996,228.559998,225.91452,30198600
2022-10-17,235.820007,238.960007,235.139999,237.529999,234.780701,28142300
2022-10-18,243.240005,243.929993,235.369995,238.5,235.739471,26329600
2022-10-19,237.039993,239.610001,234.289993,236.479996,233.742874,19985700
2022-10-20,235.770004,241.309998,234.869995,236.149994,233.416656,21811000
2022-10-21,234.740005,243,234.5,242.119995,239.317581,26299700
2022-10-24,243.759995,247.839996,241.300003,247.25,244.388214,24911200
2022-10-25,247.259995,251.039993,245.830002,250.660004,247.758728,34775500
2022-10-26,231.169998,238.300003,230.059998,231.320007,228.642593,82543200
2022-10-27,231.039993,233.690002,225.779999,226.75,224.125473,40424600
2022-10-28,226.240005,236.600006,226.050003,235.869995,233.139908,40647700
2022-10-31,233.759995,234.919998,231.149994,232.130005,229.443207,28357300
2022-11-01,234.600006,235.740005,227.330002,228.169998,225.529037,30592300
2022-11-02,229.460007,231.300003,220.039993,220.100006,217.552444,38407000
2022-11-03,220.089996,220.410004,213.979996,214.25,211.770172,36633900
2022-11-04,217.550003,221.589996,213.429993,221.389999,218.82753,36789100
2022-11-07,221.990005,228.410004,221.279999,227.869995,225.232513,33498000
2022-11-08,228.699997,231.649994,225.839996,228.869995,226.220932,28192500
2022-11-09,227.369995,228.630005,224.330002,224.509995,221.911407,27852900
2022-11-10,235.429993,243.330002,235,242.979996,240.167618,46268000
2022-11-11,242.990005,247.990005,241.929993,247.110001,244.249817,34620200
2022-11-14,241.990005,243.910004,239.210007,241.550003,238.754181,31123300
2022-11-15,245.660004,247,240.029999,241.970001,239.169296,31390100
2022-11-16,242.789993,243.800003,240.419998,241.729996,239.605438,24093300
2022-11-17,237.779999,243.25,237.630005,241.679993,239.555878,23123500
2022-11-18,243.509995,243.740005,239.029999,241.220001,239.099915,27613500
2022-11-21,241.429993,244.669998,241.190002,242.050003,239.922623,26394700
2022-11-22,243.589996,245.309998,240.710007,245.029999,242.876434,19665700
2022-11-23,245.110001,248.279999,244.270004,247.580002,245.404022,19508500
2022-11-25,247.309998,248.699997,246.729996,247.490005,245.314819,9200800
2022-11-28,246.080002,246.649994,240.800003,241.759995,239.635178,24778200
2022-11-29,241.399994,242.789993,238.210007,240.330002,238.217758,17956300
2022-11-30,240.570007,255.330002,239.860001,255.139999,252.897568,47594200
2022-12-01,253.869995,256.119995,250.919998,254.690002,252.451523,26041500
2022-12-02,249.820007,256.059998,249.690002,255.020004,252.778641,21528500
2022-12-05,252.009995,253.820007,248.059998,250.199997,248.001007,23435300
2022-12-06,250.820007,251.860001,243.779999,245.119995,242.965622,22463700
2022-12-07,244.830002,246.160004,242.210007,244.369995,242.222229,20481500
2022-12-08,244.839996,248.740005,243.059998,247.399994,245.225601,22611800
2022-12-09,244.699997,248.309998,244.160004,245.419998,243.263016,20609700
2022-12-12,247.449997,252.539993,247.169998,252.509995,250.290695,30665100
2022-12-13,261.690002,263.920013,253.070007,256.920013,254.661942,42196900
2022-12-14,257.130005,262.589996,254.309998,257.220001,254.959305,35410900
2022-12-15,253.720001,254.199997,247.339996,249.009995,246.821457,35560400
2022-12-16,248.550003,249.839996,243.509995,244.690002,242.539429,86102000
2022-12-19,244.860001,245.210007,238.710007,240.449997,238.336685,29696400
2022-12-20,239.399994,242.910004,238.419998,241.800003,239.674835,25150800
2022-12-21,241.690002,245.619995,240.110001,244.429993,242.281693,23690600
2022-12-22,241.259995,241.990005,233.869995,238.190002,236.096542,28651700
2022-12-23,236.110001,238.869995,233.940002,238.729996,236.631805,21207000
2022-12-27,238.699997,238.929993,235.830002,236.960007,234.877365,16688600
2022-12-28,236.889999,239.720001,234.169998,234.529999,232.468704,17457100
2022-12-29,235.649994,241.919998,235.649994,241.009995,238.891754,19770700
2022-12-30,238.210007,239.960007,236.660004,239.820007,237.712219,21938500
2023-01-03,243.080002,245.75,237.399994,239.580002,237.474335,25740000
2023-01-04,232.279999,232.869995,225.960007,229.100006,227.086456,50623400
2023-01-05,227.199997,227.550003,221.759995,222.309998,220.356125,39585600
2023-01-06,223,225.759995,219.350006,224.929993,222.953079,43613600
2023-01-09,226.449997,231.240005,226.410004,227.119995,225.12384,27369800
2023-01-10,227.759995,231.309998,227.330002,228.850006,226.838638,27033900
2023-01-11,231.289993,235.949997,231.110001,235.770004,233.69783,28669300
2023-01-12,235.259995,239.899994,233.559998,238.509995,236.413742,27269500
2023-01-13,237,239.369995,234.919998,239.229996,237.127411,21333300
2023-01-17,237.970001,240.910004,237.089996,240.350006,238.237579,29831300
2023-01-18,241.570007,242.380005,235.520004,235.809998,233.737457,30028700
2023-01-19,233.779999,235.520004,230.679993,231.929993,229.891556,28623000
2023-01-20,234.860001,240.740005,234.509995,240.220001,238.108719,35389800
2023-01-23,241.100006,245.169998,239.649994,242.580002,240.447968,31934000
2023-01-24,242.5,243.949997,240.440002,242.039993,239.91272,40234400
2023-01-25,234.479996,243.300003,230.899994,240.610001,238.495285,66526600
2023-01-26,243.649994,248.309998,242,248,245.820328,33454500
2023-01-27,248.990005,249.830002,246.830002,248.160004,245.978928,26498900
2023-01-30,244.509995,245.600006,242.199997,242.710007,240.576843,25867400
2023-01-31,243.449997,247.949997,242.949997,247.809998,245.632004,26541100
2023-02-01,248,255.179993,245.470001,252.75,250.52858,31259900
2023-02-02,258.820007,264.690002,257.25,264.600006,262.274445,39940400
2023-02-03,259.540009,264.200012,257.100006,258.350006,256.079376,29077300
2023-02-06,257.440002,258.299988,254.779999,256.769989,254.513229,22518000
2023-02-07,260.529999,268.769989,260.079987,267.559998,265.208405,50841400
2023-02-08,273.200012,276.76001,266.209991,266.730011,264.385712,54686000
2023-02-09,273.799988,273.980011,262.799988,263.619995,261.30304,42375100
2023-02-10,261.529999,264.089996,260.660004,263.100006,260.787628,25818500
2023-02-13,267.640015,274.600006,267.149994,271.320007,268.935364,44630900
2023-02-14,272.670013,274.970001,269.279999,272.170013,269.777924,37047900
2023-02-15,268.320007,270.730011,266.179993,269.320007,267.621613,28922400
2023-02-16,264.019989,266.73999,261.899994,262.149994,260.496796,29603600
2023-02-17,259.390015,260.089996,256,258.059998,256.432587,30000100
2023-02-21,254.479996,255.490005,251.589996,252.669998,251.076584,28397400
2023-02-22,254.089996,254.339996,250.339996,251.509995,249.923904,22491100
2023-02-23,255.559998,256.839996,250.479996,254.770004,253.163345,29219100
2023-02-24,249.960007,251,248.100006,249.220001,247.648361,24990900
2023-02-27,252.460007,252.820007,249.389999,250.160004,248.582428,21190000
2023-02-28,249.070007,251.490005,248.729996,249.419998,247.847076,22491000
2023-03-01,250.759995,250.929993,245.789993,246.270004,244.716949,27565300
2023-03-02,246.550003,251.399994,245.610001,251.110001,249.526428,24808200
2023-03-03,252.190002,255.619995,251.389999,255.289993,253.680054,30760100
2023-03-06,256.429993,260.119995,255.979996,256.869995,255.250107,24109800
2023-03-07,256.299988,257.690002,253.389999,254.149994,252.547256,21473200
2023-03-08,254.039993,254.539993,250.809998,253.699997,252.100082,17340200
2023-03-09,255.820007,259.559998,251.580002,252.320007,250.728806,26653400
2023-03-10,251.080002,252.789993,247.600006,248.589996,247.022308,28333900
2023-03-13,247.399994,257.910004,245.729996,253.919998,252.318695,33339700
2023-03-14,256.75,261.070007,255.860001,260.790009,259.145386,33620300
2023-03-15,259.980011,266.480011,259.209991,265.440002,263.766052,46028000
2023-03-16,265.209991,276.559998,263.279999,276.200012,274.458221,54768800
2023-03-17,278.26001,283.329987,276.320007,279.429993,277.667847,69527400
2023-03-20,276.980011,277.480011,269.850006,272.230011,270.513214,43466600
2023-03-21,274.880005,275,269.519989,273.779999,272.053467,34558700
2023-03-22,273.399994,281.040009,272.179993,272.290009,270.572845,34873300
2023-03-23,277.940002,281.059998,275.200012,277.660004,275.908997,36610900
2023-03-24,277.23999,280.630005,275.279999,280.570007,278.800659,28172000
2023-03-27,280.5,281.459991,275.519989,276.380005,274.637085,26840200
2023-03-28,275.790009,276.140015,272.049988,275.230011,273.494354,21878600
2023-03-29,278.959991,281.140015,278.410004,280.51001,278.741028,25087000
2023-03-30,284.230011,284.459991,281.480011,284.049988,282.258698,25053400
2023-03-31,283.730011,289.269989,283,288.299988,286.481873,32766000
2023-04-03,286.519989,288.269989,283.950012,287.230011,285.418671,24883300
2023-04-04,287.230011,290.450012,285.670013,287.179993,285.368927,25824300
2023-04-05,285.850006,287.149994,282.920013,284.339996,282.546844,22064800
2023-04-06,283.209991,292.079987,282.029999,291.600006,289.761108,29770300
2023-04-10,289.209991,289.600006,284.709991,289.390015,287.565033,23103000
2023-04-11,285.75,285.980011,281.640015,282.829987,281.046387,27276600
2023-04-12,284.790009,287.01001,281.959991,283.48999,281.70224,27403400
2023-04-13,283.589996,289.899994,283.170013,289.839996,288.012177,24222700
2023-04-14,287,288.480011,283.690002,286.140015,284.33551,20987900
2023-04-17,289.929993,291.600006,286.160004,288.799988,286.978729,23836200
2023-04-18,291.570007,291.76001,287.01001,288.369995,286.551453,20161800
2023-04-19,285.98999,289.049988,284.540009,288.450012,286.630951,17150300
2023-04-20,285.25,289.029999,285.079987,286.109985,284.305664,23244400
2023-04-21,285.01001,286.269989,283.059998,285.76001,283.957916,21676400
2023-04-24,282.089996,284.950012,278.720001,281.769989,279.993073,26611000
2023-04-25,279.51001,281.600006,275.369995,275.420013,273.683136,45772200
2023-04-26,296.700012,299.570007,292.730011,295.369995,293.507294,64599200
2023-04-27,295.970001,305.200012,295.25,304.829987,302.907623,46462600
2023-04-28,304.01001,308.929993,303.309998,307.26001,305.322327,36446700
2023-05-01,306.970001,308.600006,305.149994,305.559998,303.633057,21294100
2023-05-02,307.76001,309.179993,303.910004,305.410004,303.484009,26404400
2023-05-03,306.619995,308.609985,304.089996,304.399994,302.480347,22360800
2023-05-04,306.23999,307.76001,303.399994,305.410004,303.484009,22519900
2023-05-05,305.720001,311.970001,304.269989,310.649994,308.690979,28181200
2023-05-08,310.130005,310.200012,306.089996,308.649994,306.703552,21318600
2023-05-09,308,310.040009,306.309998,307,305.063965,21340800
2023-05-10,308.619995,313,307.670013,312.309998,310.340485,30078000
2023-05-11,310.100006,311.119995,306.26001,310.109985,308.154358,31680200
2023-05-12,310.549988,310.649994,306.600006,308.970001,307.021545,19758100
2023-05-15,309.100006,309.899994,307.589996,309.459991,307.508453,16336500
2023-05-16,309.829987,313.709991,309.829987,311.73999,309.774078,26730300
2023-05-17,312.290009,314.429993,310.73999,314,312.701935,24315000
2023-05-18,314.529999,319.040009,313.720001,318.519989,317.203247,27276000
2023-05-19,316.73999,318.75,316.369995,318.339996,317.023956,27529500
2023-05-22,318.600006,322.589996,318.01001,321.179993,319.852234,24115700
2023-05-23,320.029999,322.720001,315.25,315.26001,313.956696,30797200
2023-05-24,314.730011,316.5,312.609985,313.850006,312.552551,23384900
2023-05-25,323.23999,326.899994,320,325.920013,324.572632,43301700
2023-05-26,324.019989,333.399994,323.880005,332.890015,331.513855,36630600
2023-05-30,335.230011,335.73999,330.519989,331.209991,329.840759,29503100
2023-05-31,332.290009,335.940002,327.329987,328.390015,327.03244,45950600
2023-06-01,325.929993,333.529999,324.720001,332.579987,331.205078,26773900
2023-06-02,334.25,337.5,332.549988,335.399994,334.013458,25864000
2023-06-05,335.220001,338.559998,334.660004,335.940002,334.551239,21307100
2023-06-06,335.329987,335.369995,332.170013,333.679993,332.300537,20396200
2023-06-07,331.649994,334.48999,322.5,323.380005,322.043152,40717100
2023-06-08,323.940002,326.640015,323.350006,325.26001,323.915375,23277700
2023-06-09,324.98999,329.98999,324.410004,326.790009,325.439056,22514900
2023-06-12,328.579987,332.100006,325.160004,331.850006,330.478149,24260300
2023-06-13,334.470001,336.980011,330.390015,334.290009,332.908051,22951300
2023-06-14,334.339996,339.040009,332.809998,337.339996,335.945435,26003800
2023-06-15,337.480011,349.839996,337.200012,348.100006,346.66095,38899100
2023-06-16,351.320007,351.470001,341.950012,342.329987,340.914795,46533600
2023-06-20,339.309998,342.079987,335.859985,338.049988,336.652496,26375400
2023-06-21,336.369995,337.730011,332.070007,333.559998,332.18103,25117800
2023-06-22,334.119995,340.119995,333.339996,339.709991,338.305634,23556800
2023-06-23,334.359985,337.959991,333.450012,335.019989,333.63501,23084700
2023-06-26,333.720001,336.109985,328.48999,328.600006,327.241577,21520600
2023-06-27,331.859985,336.149994,329.299988,334.570007,333.18689,24354100
2023-06-28,334.660004,337.980011,333.809998,335.850006,334.461609,20259500
2023-06-29,334.709991,336.109985,332.619995,335.049988,333.664886,16997000
2023-06-30,337.75,342.730011,337.200012,340.540009,339.132202,26823800
2023-07-03,339.190002,340.899994,336.570007,337.98999,336.592743,12508700
2023-07-05,335.089996,341.649994,334.730011,338.149994,336.752075,18172400
2023-07-06,337.299988,342.98999,335.5,341.269989,339.859192,28161200
2023-07-07,339.320007,341.790009,337,337.220001,335.825928,21185300
2023-07-10,334.600006,335.230011,327.589996,331.829987,330.458191,32791400
2023-07-11,331.059998,332.859985,327,332.470001,331.095581,26698200
2023-07-12,336.600006,341.649994,335.670013,337.200012,335.806,29995300
2023-07-13,339.559998,343.73999,339.019989,342.660004,341.243439,20567200
2023-07-14,347.589996,351.429993,344.309998,345.23999,343.812775,28302200
2023-07-17,345.679993,346.98999,342.200012,345.730011,344.300751,20363900
2023-07-18,345.829987,366.779999,342.170013,359.48999,358.003845,64872700
2023-07-19,361.75,362.459991,352.440002,355.079987,353.612091,39732900
2023-07-20,353.570007,357.970001,345.369995,346.869995,345.436035,33778400
2023-07-21,349.149994,350.299988,339.829987,343.769989,342.348846,69368900
2023-07-24,345.850006,346.920013,342.309998,345.109985,343.683289,26678100
2023-07-25,347.109985,351.890015,345.070007,350.980011,349.529053,41637700
2023-07-26,341.440002,344.670013,333.109985,337.769989,336.373657,58383700
2023-07-27,340.480011,341.329987,329.049988,330.720001,329.352783,39635300
2023-07-28,333.670013,340.01001,333.170013,338.369995,336.971161,28484900
2023-07-31,336.920013,337.700012,333.359985,335.920013,334.531311,25446000
2023-08-01,335.190002,338.540009,333.700012,336.339996,334.949554,18311900
2023-08-02,333.630005,333.630005,326.359985,327.5,326.146118,27761300
2023-08-03,326,329.880005,325.950012,326.660004,325.30957,18253700
2023-08-04,331.880005,335.140015,327.23999,327.779999,326.424957,23727700
2023-08-07,328.369995,331.109985,327.519989,330.109985,328.7453,17741500
2023-08-08,326.959991,328.75,323,326.049988,324.702087,22327600
2023-08-09,326.470001,327.109985,321.049988,322.230011,320.897919,22373300
2023-08-10,326.019989,328.26001,321.179993,322.929993,321.594971,20113700
2023-08-11,320.26001,322.410004,319.209991,321.01001,319.682953,24342600
2023-08-14,321.390015,324.059998,320.079987,324.040009,322.700439,18836100
2023-08-15,323,325.089996,320.899994,321.859985,320.529388,16966300
2023-08-16,320.799988,324.420013,319.799988,320.399994,319.751007,20698900
2023-08-17,320.540009,321.869995,316.209991,316.880005,316.238159,21257200
2023-08-18,314.48999,318.380005,311.549988,316.480011,315.838959,24744800
2023-08-21,317.929993,322.769989,317.040009,321.880005,321.228027,24040000
2023-08-22,325.5,326.079987,321.459991,322.459991,321.806824,16102000
2023-08-23,323.820007,329.200012,323.459991,327,326.337646,21166400
2023-08-24,332.850006,332.980011,319.959991,319.970001,319.321899,23281400
2023-08-25,321.470001,325.359985,318.799988,322.980011,322.325806,21684100
2023-08-28,325.660004,326.149994,321.720001,323.700012,323.044342,14808500
2023-08-29,321.880005,328.980011,321.880005,328.410004,327.744781,19284600
2023-08-30,328.670013,329.809998,326.450012,328.790009,328.124023,15222100
2023-08-31,329.200012,330.910004,326.779999,327.76001,327.09613,26411000
2023-09-01,331.309998,331.98999,326.779999,328.660004,327.994293,14931200
2023-09-05,329,334.850006,328.660004,333.549988,332.874359,18553900
2023-09-06,333.380005,334.459991,330.179993,332.880005,332.20575,17535800
2023-09-07,331.290009,333.079987,329.029999,329.910004,329.24176,18381000
2023-09-08,330.089996,336.160004,329.459991,334.269989,333.592896,19530100
2023-09-11,337.23999,338.420013,335.429993,337.940002,337.255493,16583300
2023-09-12,335.820007,336.790009,331.480011,331.769989,331.097961,17565500
2023-09-13,331.309998,336.850006,331.170013,336.059998,335.379303,16544400
2023-09-14,339.149994,340.859985,336.570007,338.700012,338.013947,20267000
2023-09-15,336.920013,337.399994,329.649994,330.220001,329.551117,37666900
2023-09-18,327.799988,330.399994,326.359985,329.059998,328.393463,16834200
2023-09-19,326.170013,329.390015,324.51001,328.649994,327.984283,16505900
2023-09-20,329.51001,329.589996,320.51001,320.769989,320.12027,21436500
2023-09-21,319.26001,325.350006,315,319.529999,318.882782,35529500
2023-09-22,321.320007,321.450012,316.149994,317.01001,316.367889,21447900
2023-09-25,316.589996,317.670013,315,317.540009,316.89682,17836000
2023-09-26,315.130005,315.880005,310.019989,312.140015,311.507751,26297600
2023-09-27,312.299988,314.299988,309.690002,312.790009,312.156433,19410100
2023-09-28,310.98999,315.480011,309.450012,313.640015,313.00473,19683600
2023-09-29,317.75,319.470001,314.980011,315.75,315.110443,24140300
2023-10-02,316.279999,321.890015,315.179993,321.799988,321.148163,20570000
2023-10-03,320.829987,321.390015,311.209991,313.390015,312.755219,21033500
2023-10-04,314.029999,320.040009,314,318.959991,318.313934,20720100
2023-10-05,319.089996,319.980011,314.899994,319.359985,318.713104,16965600
2023-10-06,316.549988,329.190002,316.299988,327.26001,326.597137,25645500
2023-10-09,324.75,330.299988,323.179993,329.820007,329.151947,19891200
2023-10-10,330.959991,331.100006,327.670013,328.390015,327.724854,20557100
2023-10-11,331.209991,332.820007,329.140015,332.420013,331.746674,20063200
2023-10-12,330.570007,333.630005,328.720001,331.160004,330.489227,19313100
2023-10-13,332.380005,333.829987,326.359985,327.730011,327.066193,21072400
2023-10-16,331.049988,336.140015,330.600006,332.640015,331.966248,22158000
2023-10-17,329.589996,333.459991,327.410004,332.059998,331.38739,18338500
2023-10-18,332.48999,335.589996,328.299988,330.109985,329.441345,23153600
2023-10-19,332.149994,336.880005,330.910004,331.320007,330.648895,25052100
2023-10-20,331.720001,331.920013,325.450012,326.670013,326.008331,25012600
2023-10-23,325.470001,332.730011,324.390015,329.320007,328.652954,24374700
2023-10-24,331.299988,331.839996,327.600006,330.529999,329.860504,31153600
2023-10-25,345.019989,346.200012,337.619995,340.670013,339.97998,55053800
2023-10-26,340.540009,341.630005,326.940002,327.890015,327.225861,37828500
2023-10-27,330.429993,336.720001,328.399994,329.809998,329.141968,29856500
2023-10-30,333.410004,339.450012,331.829987,337.309998,336.62677,22828100
2023-10-31,338.850006,339,334.690002,338.109985,337.42514,20265300
2023-11-01,339.790009,347.420013,339.649994,346.070007,345.369019,28158800
2023-11-02,347.23999,348.829987,344.769989,348.320007,347.614471,24348100
2023-11-03,349.630005,354.390015,347.329987,352.799988,352.085388,23624000
2023-11-06,353.450012,357.540009,353.350006,356.529999,355.807831,23828300
2023-11-07,359.399994,362.459991,357.630005,360.529999,359.799744,25833900
2023-11-08,361.679993,363.869995,360.549988,363.200012,362.464325,26767800
2023-11-09,362.299988,364.790009,360.359985,360.690002,359.959412,24847300
2023-11-10,361.48999,370.100006,361.070007,369.670013,368.921234,28042100
2023-11-13,368.220001,368.470001,365.899994,366.679993,365.937256,19986500
2023-11-14,371.01001,371.950012,367.350006,370.269989,369.519989,27683900
2023-11-15,371.279999,373.130005,367.109985,369.670013,369.670013,26860100
2023-11-16,370.959991,376.350006,370.179993,376.170013,376.170013,27182300
2023-11-17,373.609985,374.369995,367,369.850006,369.850006,40157000
2023-11-20,371.220001,378.869995,371,377.440002,377.440002,52465100
2023-11-21,375.670013,376.220001,371.119995,373.070007,373.070007,28423100
2023-11-22,378,379.790009,374.970001,377.850006,377.850006,23345300
2023-11-24,377.329987,377.970001,375.140015,377.429993,377.429993,10176600
2023-11-27,376.779999,380.640015,376.200012,378.609985,378.609985,22179200
2023-11-28,378.350006,383,378.160004,382.700012,382.700012,20453100
2023-11-29,383.76001,384.299988,377.440002,378.850006,378.850006,28963400
2023-11-30,378.48999,380.089996,375.470001,378.910004,378.910004,30554400
2023-12-01,376.76001,378.160004,371.309998,374.51001,374.51001,33020400
2023-12-04,369.100006,369.519989,362.899994,369.140015,369.140015,32063300
2023-12-05,366.450012,373.079987,365.619995,372.519989,372.519989,23065000
2023-12-06,373.540009,374.179993,368.029999,368.799988,368.799988,21182100
2023-12-07,368.230011,371.450012,366.320007,370.950012,370.950012,23118900
2023-12-08,369.200012,374.459991,368.230011,374.230011,374.230011,20144800
2023-12-11,368.480011,371.600006,366.100006,371.299988,371.299988,27708800
2023-12-12,370.850006,374.420013,370.459991,374.380005,374.380005,24838300
2023-12-13,376.019989,377.640015,370.769989,374.369995,374.369995,30955500
2023-12-14,373.309998,373.76001,364.130005,365.929993,365.929993,43277500
2023-12-15,366.850006,372.399994,366.279999,370.730011,370.730011,78478200
2023-12-18,369.450012,373,368.679993,372.649994,372.649994,21802900
2023-12-19,371.48999,373.26001,369.839996,373.26001,373.26001,20603700
2023-12-20,375,376.029999,370.529999,370.619995,370.619995,26316700
2023-12-21,372.559998,374.410004,370.040009,373.540009,373.540009,17708000
2023-12-22,373.679993,375.179993,372.709991,374.579987,374.579987,17091100
2023-12-26,375,376.940002,373.5,374.660004,374.660004,12673100
2023-12-27,373.690002,375.059998,372.809998,374.070007,374.070007,14905400
2023-12-28,375.369995,376.459991,374.160004,375.279999,375.279999,14327000
2023-12-29,376,377.160004,373.480011,376.040009,376.040009,18723000
